Этап;Пункт ТУ;Параметр;Адрес ЯЛК;Код ИСД;Raw;Код ЯЛК;Сигнал;В7, В;ЯЛК, В;Абсолютная погрешность, В;Приведённая погрешность, %;Относительная погрешность, %;Нижний допуск;Верхний допуск;Итог;Сообщение
"ЯВП-8 · выборочно K=1, полный ряд частот";"1.4.1, 1.4.7, 1.4.8, 1.4.14";"ЯВП 1: K=1.000000 мВ/пКл, 2.000000 Гц";"";"";"";"";"";"";"";"";"";"";0;0;"НЕ ВЫПОЛНЯЛОСЬ";"Диагностическое измерение В7; verdict формируется критериями K/АЧХ"
"ЯВП-8 · выборочно K=1, полный ряд частот";"1.4.1, 1.4.7, 1.4.8, 1.4.14";"ЯВП 1: K=1.000000 мВ/пКл, 6.000000 Гц";"";"";"";"";"";"";"";"";"";"";0;0;"НЕ ВЫПОЛНЯЛОСЬ";"Диагностическое измерение В7; verdict формируется критериями K/АЧХ"
"ЯВП-8 · выборочно K=1, полный ряд частот";"1.4.1, 1.4.7, 1.4.8, 1.4.14";"ЯВП 1: K=1.000000 мВ/пКл, 20.000000 Гц";"";"";"";"";"";"";"";"";"";"";0;0;"НЕ ВЫПОЛНЯЛОСЬ";"Диагностическое измерение В7; verdict формируется критериями K/АЧХ"
"ЯВП-8 · выборочно K=1, полный ряд частот";"1.4.1, 1.4.7, 1.4.8, 1.4.14";"ЯВП 1: K=1.000000 мВ/пКл, 500.000000 Гц";"";"";"";"";"";"";"";"";"";"";0;0;"НЕ ВЫПОЛНЯЛОСЬ";"Диагностическое измерение В7; verdict формируется критериями K/АЧХ"
"ЯВП-8 · выборочно K=1, полный ряд частот";"1.4.1, 1.4.7, 1.4.8, 1.4.14";"ЯВП 1: K=1.000000 мВ/пКл, 1800.000000 Гц";"";"";"";"";"";"";"";"";"";"";0;0;"НЕ ВЫПОЛНЯЛОСЬ";"Диагностическое измерение В7; verdict формируется критериями K/АЧХ"
"ЯВП-8 · выборочно K=1, полный ряд частот";"1.4.1, 1.4.7, 1.4.8, 1.4.14";"ЯВП 1: K=1.000000 мВ/пКл, 2000.000000 Гц";"";"";"";"";"";"";"";"";"";"";0;0;"НЕ ВЫПОЛНЯЛОСЬ";"Диагностическое измерение В7; verdict формируется критериями K/АЧХ"
"ЯВП-8 · выборочно K=1, полный ряд частот";"1.4.1, 1.4.7, 1.4.8, 1.4.14";"ЯВП 1: K=1.000000 мВ/пКл, 4000.000000 Гц";"";"";"";"";"";"";"";"";"";"";0;0;"НЕ ВЫПОЛНЯЛОСЬ";"Диагностическое измерение В7; verdict формируется критериями K/АЧХ"
"ЯВП-8 · выборочно K=1, полный ряд частот";"1.4.1, 1.4.7, 1.4.8, 1.4.14";"ЯВП 1: коэффициент при 500.000000 Гц";"";"";"";"";"";"";"";"";"";"";0.93;1.07;"НОРМА";"Норма"
"ЯВП-8 · выборочно K=1, полный ряд частот";"1.4.1, 1.4.7, 1.4.8, 1.4.14";"ЯВП 1: АЧХ 2.000000 Гц относительно 500 Гц";"";"";"";"";"";"";"";"";"";"";-10;10;"НЕ НОРМА";"Вне допуска АЧХ"
"ЯВП-8 · выборочно K=1, полный ряд частот";"1.4.1, 1.4.7, 1.4.8, 1.4.14";"ЯВП 1: АЧХ 6.000000 Гц относительно 500 Гц";"";"";"";"";"";"";"";"";"";"";-5;5;"НЕ НОРМА";"Вне допуска АЧХ"
"ЯВП-8 · выборочно K=1, полный ряд частот";"1.4.1, 1.4.7, 1.4.8, 1.4.14";"ЯВП 1: АЧХ 20.000000 Гц относительно 500 Гц";"";"";"";"";"";"";"";"";"";"";-5;5;"НЕ НОРМА";"Вне допуска АЧХ"
"ЯВП-8 · выборочно K=1, полный ряд частот";"1.4.1, 1.4.7, 1.4.8, 1.4.14";"ЯВП 1: АЧХ 1800.000000 Гц относительно 500 Гц";"";"";"";"";"";"";"";"";"";"";-5;5;"НОРМА";"Норма"
"ЯВП-8 · выборочно K=1, полный ряд частот";"1.4.1, 1.4.7, 1.4.8, 1.4.14";"ЯВП 1: АЧХ 2000.000000 Гц относительно 500 Гц";"";"";"";"";"";"";"";"";"";"";-10;10;"НОРМА";"Норма"
"ЯВП-8 · выборочно K=1, полный ряд частот";"1.4.1, 1.4.7, 1.4.8, 1.4.14";"ЯВП 1: затухание 4000 Гц относительно 500 Гц";"";"";"";"";"";"";"";"";"";"";20;1000000000;"НОРМА";"Норма"
"ЯВП-8 · выборочно K=1, полный ряд частот";"1.4.1, 1.4.7, 1.4.8, 1.4.14";"ЯВП 2: K=1.000000 мВ/пКл, 2.000000 Гц";"";"";"";"";"";"";"";"";"";"";0;0;"НЕ ВЫПОЛНЯЛОСЬ";"Диагностическое измерение В7; verdict формируется критериями K/АЧХ"
"ЯВП-8 · выборочно K=1, полный ряд частот";"1.4.1, 1.4.7, 1.4.8, 1.4.14";"ЯВП 2: K=1.000000 мВ/пКл, 6.000000 Гц";"";"";"";"";"";"";"";"";"";"";0;0;"НЕ ВЫПОЛНЯЛОСЬ";"Диагностическое измерение В7; verdict формируется критериями K/АЧХ"
"ЯВП-8 · выборочно K=1, полный ряд частот";"1.4.1, 1.4.7, 1.4.8, 1.4.14";"ЯВП 2: K=1.000000 мВ/пКл, 20.000000 Гц";"";"";"";"";"";"";"";"";"";"";0;0;"НЕ ВЫПОЛНЯЛОСЬ";"Диагностическое измерение В7; verdict формируется критериями K/АЧХ"
"ЯВП-8 · выборочно K=1, полный ряд частот";"1.4.1, 1.4.7, 1.4.8, 1.4.14";"ЯВП 2: K=1.000000 мВ/пКл, 500.000000 Гц";"";"";"";"";"";"";"";"";"";"";0;0;"НЕ ВЫПОЛНЯЛОСЬ";"Диагностическое измерение В7; verdict формируется критериями K/АЧХ"
"ЯВП-8 · выборочно K=1, полный ряд частот";"1.4.1, 1.4.7, 1.4.8, 1.4.14";"ЯВП 2: K=1.000000 мВ/пКл, 1800.000000 Гц";"";"";"";"";"";"";"";"";"";"";0;0;"НЕ ВЫПОЛНЯЛОСЬ";"Диагностическое измерение В7; verdict формируется критериями K/АЧХ"
"ЯВП-8 · выборочно K=1, полный ряд частот";"1.4.1, 1.4.7, 1.4.8, 1.4.14";"ЯВП 2: K=1.000000 мВ/пКл, 2000.000000 Гц";"";"";"";"";"";"";"";"";"";"";0;0;"НЕ ВЫПОЛНЯЛОСЬ";"Диагностическое измерение В7; verdict формируется критериями K/АЧХ"
"ЯВП-8 · выборочно K=1, полный ряд частот";"1.4.1, 1.4.7, 1.4.8, 1.4.14";"ЯВП 2: K=1.000000 мВ/пКл, 4000.000000 Гц";"";"";"";"";"";"";"";"";"";"";0;0;"НЕ ВЫПОЛНЯЛОСЬ";"Диагностическое измерение В7; verdict формируется критериями K/АЧХ"
"ЯВП-8 · выборочно K=1, полный ряд частот";"1.4.1, 1.4.7, 1.4.8, 1.4.14";"ЯВП 2: коэффициент при 500.000000 Гц";"";"";"";"";"";"";"";"";"";"";0.93;1.07;"НОРМА";"Норма"
"ЯВП-8 · выборочно K=1, полный ряд частот";"1.4.1, 1.4.7, 1.4.8, 1.4.14";"ЯВП 2: АЧХ 2.000000 Гц относительно 500 Гц";"";"";"";"";"";"";"";"";"";"";-10;10;"НЕ НОРМА";"Вне допуска АЧХ"
"ЯВП-8 · выборочно K=1, полный ряд частот";"1.4.1, 1.4.7, 1.4.8, 1.4.14";"ЯВП 2: АЧХ 6.000000 Гц относительно 500 Гц";"";"";"";"";"";"";"";"";"";"";-5;5;"НЕ НОРМА";"Вне допуска АЧХ"
"ЯВП-8 · выборочно K=1, полный ряд частот";"1.4.1, 1.4.7, 1.4.8, 1.4.14";"ЯВП 2: АЧХ 20.000000 Гц относительно 500 Гц";"";"";"";"";"";"";"";"";"";"";-5;5;"НЕ НОРМА";"Вне допуска АЧХ"
"ЯВП-8 · выборочно K=1, полный ряд частот";"1.4.1, 1.4.7, 1.4.8, 1.4.14";"ЯВП 2: АЧХ 1800.000000 Гц относительно 500 Гц";"";"";"";"";"";"";"";"";"";"";-5;5;"НОРМА";"Норма"
"ЯВП-8 · выборочно K=1, полный ряд частот";"1.4.1, 1.4.7, 1.4.8, 1.4.14";"ЯВП 2: АЧХ 2000.000000 Гц относительно 500 Гц";"";"";"";"";"";"";"";"";"";"";-10;10;"НОРМА";"Норма"
"ЯВП-8 · выборочно K=1, полный ряд частот";"1.4.1, 1.4.7, 1.4.8, 1.4.14";"ЯВП 2: затухание 4000 Гц относительно 500 Гц";"";"";"";"";"";"";"";"";"";"";20;1000000000;"НОРМА";"Норма"
"ЯВП-8 · выборочно K=1, полный ряд частот";"1.4.1, 1.4.7, 1.4.8, 1.4.14";"ЯВП 3: K=1.000000 мВ/пКл, 2.000000 Гц";"";"";"";"";"";"";"";"";"";"";0;0;"НЕ ВЫПОЛНЯЛОСЬ";"Диагностическое измерение В7; verdict формируется критериями K/АЧХ"
"ЯВП-8 · выборочно K=1, полный ряд частот";"1.4.1, 1.4.7, 1.4.8, 1.4.14";"ЯВП 3: K=1.000000 мВ/пКл, 6.000000 Гц";"";"";"";"";"";"";"";"";"";"";0;0;"НЕ ВЫПОЛНЯЛОСЬ";"Диагностическое измерение В7; verdict формируется критериями K/АЧХ"
"ЯВП-8 · выборочно K=1, полный ряд частот";"1.4.1, 1.4.7, 1.4.8, 1.4.14";"ЯВП 3: K=1.000000 мВ/пКл, 20.000000 Гц";"";"";"";"";"";"";"";"";"";"";0;0;"НЕ ВЫПОЛНЯЛОСЬ";"Диагностическое измерение В7; verdict формируется критериями K/АЧХ"
"ЯВП-8 · выборочно K=1, полный ряд частот";"1.4.1, 1.4.7, 1.4.8, 1.4.14";"ЯВП 3: K=1.000000 мВ/пКл, 500.000000 Гц";"";"";"";"";"";"";"";"";"";"";0;0;"НЕ ВЫПОЛНЯЛОСЬ";"Диагностическое измерение В7; verdict формируется критериями K/АЧХ"
"ЯВП-8 · выборочно K=1, полный ряд частот";"1.4.1, 1.4.7, 1.4.8, 1.4.14";"ЯВП 3: K=1.000000 мВ/пКл, 1800.000000 Гц";"";"";"";"";"";"";"";"";"";"";0;0;"НЕ ВЫПОЛНЯЛОСЬ";"Диагностическое измерение В7; verdict формируется критериями K/АЧХ"
"ЯВП-8 · выборочно K=1, полный ряд частот";"1.4.1, 1.4.7, 1.4.8, 1.4.14";"ЯВП 3: K=1.000000 мВ/пКл, 2000.000000 Гц";"";"";"";"";"";"";"";"";"";"";0;0;"НЕ ВЫПОЛНЯЛОСЬ";"Диагностическое измерение В7; verdict формируется критериями K/АЧХ"
"ЯВП-8 · выборочно K=1, полный ряд частот";"1.4.1, 1.4.7, 1.4.8, 1.4.14";"ЯВП 3: K=1.000000 мВ/пКл, 4000.000000 Гц";"";"";"";"";"";"";"";"";"";"";0;0;"НЕ ВЫПОЛНЯЛОСЬ";"Диагностическое измерение В7; verdict формируется критериями K/АЧХ"
"ЯВП-8 · выборочно K=1, полный ряд частот";"1.4.1, 1.4.7, 1.4.8, 1.4.14";"ЯВП 3: коэффициент при 500.000000 Гц";"";"";"";"";"";"";"";"";"";"";0.93;1.07;"НОРМА";"Норма"
"ЯВП-8 · выборочно K=1, полный ряд частот";"1.4.1, 1.4.7, 1.4.8, 1.4.14";"ЯВП 3: АЧХ 2.000000 Гц относительно 500 Гц";"";"";"";"";"";"";"";"";"";"";-10;10;"НЕ НОРМА";"Вне допуска АЧХ"
"ЯВП-8 · выборочно K=1, полный ряд частот";"1.4.1, 1.4.7, 1.4.8, 1.4.14";"ЯВП 3: АЧХ 6.000000 Гц относительно 500 Гц";"";"";"";"";"";"";"";"";"";"";-5;5;"НЕ НОРМА";"Вне допуска АЧХ"
"ЯВП-8 · выборочно K=1, полный ряд частот";"1.4.1, 1.4.7, 1.4.8, 1.4.14";"ЯВП 3: АЧХ 20.000000 Гц относительно 500 Гц";"";"";"";"";"";"";"";"";"";"";-5;5;"НЕ НОРМА";"Вне допуска АЧХ"
"ЯВП-8 · выборочно K=1, полный ряд частот";"1.4.1, 1.4.7, 1.4.8, 1.4.14";"ЯВП 3: АЧХ 1800.000000 Гц относительно 500 Гц";"";"";"";"";"";"";"";"";"";"";-5;5;"НОРМА";"Норма"
"ЯВП-8 · выборочно K=1, полный ряд частот";"1.4.1, 1.4.7, 1.4.8, 1.4.14";"ЯВП 3: АЧХ 2000.000000 Гц относительно 500 Гц";"";"";"";"";"";"";"";"";"";"";-10;10;"НОРМА";"Норма"
"ЯВП-8 · выборочно K=1, полный ряд частот";"1.4.1, 1.4.7, 1.4.8, 1.4.14";"ЯВП 3: затухание 4000 Гц относительно 500 Гц";"";"";"";"";"";"";"";"";"";"";20;1000000000;"НОРМА";"Норма"
"ЯВП-8 · выборочно K=1, полный ряд частот";"1.4.1, 1.4.7, 1.4.8, 1.4.14";"ЯВП 4: K=1.000000 мВ/пКл, 2.000000 Гц";"";"";"";"";"";"";"";"";"";"";0;0;"НЕ ВЫПОЛНЯЛОСЬ";"Диагностическое измерение В7; verdict формируется критериями K/АЧХ"
"ЯВП-8 · выборочно K=1, полный ряд частот";"1.4.1, 1.4.7, 1.4.8, 1.4.14";"ЯВП 4: K=1.000000 мВ/пКл, 6.000000 Гц";"";"";"";"";"";"";"";"";"";"";0;0;"НЕ ВЫПОЛНЯЛОСЬ";"Диагностическое измерение В7; verdict формируется критериями K/АЧХ"
"ЯВП-8 · выборочно K=1, полный ряд частот";"1.4.1, 1.4.7, 1.4.8, 1.4.14";"ЯВП 4: K=1.000000 мВ/пКл, 20.000000 Гц";"";"";"";"";"";"";"";"";"";"";0;0;"НЕ ВЫПОЛНЯЛОСЬ";"Диагностическое измерение В7; verdict формируется критериями K/АЧХ"
"ЯВП-8 · выборочно K=1, полный ряд частот";"1.4.1, 1.4.7, 1.4.8, 1.4.14";"ЯВП 4: K=1.000000 мВ/пКл, 500.000000 Гц";"";"";"";"";"";"";"";"";"";"";0;0;"НЕ ВЫПОЛНЯЛОСЬ";"Диагностическое измерение В7; verdict формируется критериями K/АЧХ"
"ЯВП-8 · выборочно K=1, полный ряд частот";"1.4.1, 1.4.7, 1.4.8, 1.4.14";"ЯВП 4: K=1.000000 мВ/пКл, 1800.000000 Гц";"";"";"";"";"";"";"";"";"";"";0;0;"НЕ ВЫПОЛНЯЛОСЬ";"Диагностическое измерение В7; verdict формируется критериями K/АЧХ"
"ЯВП-8 · выборочно K=1, полный ряд частот";"1.4.1, 1.4.7, 1.4.8, 1.4.14";"ЯВП 4: K=1.000000 мВ/пКл, 2000.000000 Гц";"";"";"";"";"";"";"";"";"";"";0;0;"НЕ ВЫПОЛНЯЛОСЬ";"Диагностическое измерение В7; verdict формируется критериями K/АЧХ"
"ЯВП-8 · выборочно K=1, полный ряд частот";"1.4.1, 1.4.7, 1.4.8, 1.4.14";"ЯВП 4: K=1.000000 мВ/пКл, 4000.000000 Гц";"";"";"";"";"";"";"";"";"";"";0;0;"НЕ ВЫПОЛНЯЛОСЬ";"Диагностическое измерение В7; verdict формируется критериями K/АЧХ"
"ЯВП-8 · выборочно K=1, полный ряд частот";"1.4.1, 1.4.7, 1.4.8, 1.4.14";"ЯВП 4: коэффициент при 500.000000 Гц";"";"";"";"";"";"";"";"";"";"";0.93;1.07;"НЕ НОРМА";"Вне допуска ±7%"
"ЯВП-8 · выборочно K=1, полный ряд частот";"1.4.1, 1.4.7, 1.4.8, 1.4.14";"ЯВП 4: АЧХ 2.000000 Гц относительно 500 Гц";"";"";"";"";"";"";"";"";"";"";-10;10;"НЕ НОРМА";"Вне допуска АЧХ"
"ЯВП-8 · выборочно K=1, полный ряд частот";"1.4.1, 1.4.7, 1.4.8, 1.4.14";"ЯВП 4: АЧХ 6.000000 Гц относительно 500 Гц";"";"";"";"";"";"";"";"";"";"";-5;5;"НЕ НОРМА";"Вне допуска АЧХ"
"ЯВП-8 · выборочно K=1, полный ряд частот";"1.4.1, 1.4.7, 1.4.8, 1.4.14";"ЯВП 4: АЧХ 20.000000 Гц относительно 500 Гц";"";"";"";"";"";"";"";"";"";"";-5;5;"НЕ НОРМА";"Вне допуска АЧХ"
"ЯВП-8 · выборочно K=1, полный ряд частот";"1.4.1, 1.4.7, 1.4.8, 1.4.14";"ЯВП 4: АЧХ 1800.000000 Гц относительно 500 Гц";"";"";"";"";"";"";"";"";"";"";-5;5;"НОРМА";"Норма"
"ЯВП-8 · выборочно K=1, полный ряд частот";"1.4.1, 1.4.7, 1.4.8, 1.4.14";"ЯВП 4: АЧХ 2000.000000 Гц относительно 500 Гц";"";"";"";"";"";"";"";"";"";"";-10;10;"НОРМА";"Норма"
"ЯВП-8 · выборочно K=1, полный ряд частот";"1.4.1, 1.4.7, 1.4.8, 1.4.14";"ЯВП 4: затухание 4000 Гц относительно 500 Гц";"";"";"";"";"";"";"";"";"";"";20;1000000000;"НОРМА";"Норма"
"ЯВП-8 · выборочно K=1, полный ряд частот";"1.4.1, 1.4.7, 1.4.8, 1.4.14";"ЯВП 5: K=1.000000 мВ/пКл, 2.000000 Гц";"";"";"";"";"";"";"";"";"";"";0;0;"НЕ ВЫПОЛНЯЛОСЬ";"Диагностическое измерение В7; verdict формируется критериями K/АЧХ"
"ЯВП-8 · выборочно K=1, полный ряд частот";"1.4.1, 1.4.7, 1.4.8, 1.4.14";"ЯВП 5: K=1.000000 мВ/пКл, 6.000000 Гц";"";"";"";"";"";"";"";"";"";"";0;0;"НЕ ВЫПОЛНЯЛОСЬ";"Диагностическое измерение В7; verdict формируется критериями K/АЧХ"
"ЯВП-8 · выборочно K=1, полный ряд частот";"1.4.1, 1.4.7, 1.4.8, 1.4.14";"ЯВП 5: K=1.000000 мВ/пКл, 20.000000 Гц";"";"";"";"";"";"";"";"";"";"";0;0;"НЕ ВЫПОЛНЯЛОСЬ";"Диагностическое измерение В7; verdict формируется критериями K/АЧХ"
"ЯВП-8 · выборочно K=1, полный ряд частот";"1.4.1, 1.4.7, 1.4.8, 1.4.14";"ЯВП 5: K=1.000000 мВ/пКл, 500.000000 Гц";"";"";"";"";"";"";"";"";"";"";0;0;"НЕ ВЫПОЛНЯЛОСЬ";"Диагностическое измерение В7; verdict формируется критериями K/АЧХ"
"ЯВП-8 · выборочно K=1, полный ряд частот";"1.4.1, 1.4.7, 1.4.8, 1.4.14";"ЯВП 5: K=1.000000 мВ/пКл, 1800.000000 Гц";"";"";"";"";"";"";"";"";"";"";0;0;"НЕ ВЫПОЛНЯЛОСЬ";"Диагностическое измерение В7; verdict формируется критериями K/АЧХ"
"ЯВП-8 · выборочно K=1, полный ряд частот";"1.4.1, 1.4.7, 1.4.8, 1.4.14";"ЯВП 5: K=1.000000 мВ/пКл, 2000.000000 Гц";"";"";"";"";"";"";"";"";"";"";0;0;"НЕ ВЫПОЛНЯЛОСЬ";"Диагностическое измерение В7; verdict формируется критериями K/АЧХ"
"ЯВП-8 · выборочно K=1, полный ряд частот";"1.4.1, 1.4.7, 1.4.8, 1.4.14";"ЯВП 5: K=1.000000 мВ/пКл, 4000.000000 Гц";"";"";"";"";"";"";"";"";"";"";0;0;"НЕ ВЫПОЛНЯЛОСЬ";"Диагностическое измерение В7; verdict формируется критериями K/АЧХ"
"ЯВП-8 · выборочно K=1, полный ряд частот";"1.4.1, 1.4.7, 1.4.8, 1.4.14";"ЯВП 5: коэффициент при 500.000000 Гц";"";"";"";"";"";"";"";"";"";"";0.93;1.07;"НОРМА";"Норма"
"ЯВП-8 · выборочно K=1, полный ряд частот";"1.4.1, 1.4.7, 1.4.8, 1.4.14";"ЯВП 5: АЧХ 2.000000 Гц относительно 500 Гц";"";"";"";"";"";"";"";"";"";"";-10;10;"НЕ НОРМА";"Вне допуска АЧХ"
"ЯВП-8 · выборочно K=1, полный ряд частот";"1.4.1, 1.4.7, 1.4.8, 1.4.14";"ЯВП 5: АЧХ 6.000000 Гц относительно 500 Гц";"";"";"";"";"";"";"";"";"";"";-5;5;"НЕ НОРМА";"Вне допуска АЧХ"
"ЯВП-8 · выборочно K=1, полный ряд частот";"1.4.1, 1.4.7, 1.4.8, 1.4.14";"ЯВП 5: АЧХ 20.000000 Гц относительно 500 Гц";"";"";"";"";"";"";"";"";"";"";-5;5;"НЕ НОРМА";"Вне допуска АЧХ"
"ЯВП-8 · выборочно K=1, полный ряд частот";"1.4.1, 1.4.7, 1.4.8, 1.4.14";"ЯВП 5: АЧХ 1800.000000 Гц относительно 500 Гц";"";"";"";"";"";"";"";"";"";"";-5;5;"НОРМА";"Норма"
"ЯВП-8 · выборочно K=1, полный ряд частот";"1.4.1, 1.4.7, 1.4.8, 1.4.14";"ЯВП 5: АЧХ 2000.000000 Гц относительно 500 Гц";"";"";"";"";"";"";"";"";"";"";-10;10;"НОРМА";"Норма"
"ЯВП-8 · выборочно K=1, полный ряд частот";"1.4.1, 1.4.7, 1.4.8, 1.4.14";"ЯВП 5: затухание 4000 Гц относительно 500 Гц";"";"";"";"";"";"";"";"";"";"";20;1000000000;"НОРМА";"Норма"
"ЯВП-8 · выборочно K=1, полный ряд частот";"1.4.1, 1.4.7, 1.4.8, 1.4.14";"ЯВП 6: K=1.000000 мВ/пКл, 2.000000 Гц";"";"";"";"";"";"";"";"";"";"";0;0;"НЕ ВЫПОЛНЯЛОСЬ";"Диагностическое измерение В7; verdict формируется критериями K/АЧХ"
"ЯВП-8 · выборочно K=1, полный ряд частот";"1.4.1, 1.4.7, 1.4.8, 1.4.14";"ЯВП 6: K=1.000000 мВ/пКл, 6.000000 Гц";"";"";"";"";"";"";"";"";"";"";0;0;"НЕ ВЫПОЛНЯЛОСЬ";"Диагностическое измерение В7; verdict формируется критериями K/АЧХ"
"ЯВП-8 · выборочно K=1, полный ряд частот";"1.4.1, 1.4.7, 1.4.8, 1.4.14";"ЯВП 6: K=1.000000 мВ/пКл, 20.000000 Гц";"";"";"";"";"";"";"";"";"";"";0;0;"НЕ ВЫПОЛНЯЛОСЬ";"Диагностическое измерение В7; verdict формируется критериями K/АЧХ"
"ЯВП-8 · выборочно K=1, полный ряд частот";"1.4.1, 1.4.7, 1.4.8, 1.4.14";"ЯВП 6: K=1.000000 мВ/пКл, 500.000000 Гц";"";"";"";"";"";"";"";"";"";"";0;0;"НЕ ВЫПОЛНЯЛОСЬ";"Диагностическое измерение В7; verdict формируется критериями K/АЧХ"
"ЯВП-8 · выборочно K=1, полный ряд частот";"1.4.1, 1.4.7, 1.4.8, 1.4.14";"ЯВП 6: K=1.000000 мВ/пКл, 1800.000000 Гц";"";"";"";"";"";"";"";"";"";"";0;0;"НЕ ВЫПОЛНЯЛОСЬ";"Диагностическое измерение В7; verdict формируется критериями K/АЧХ"
"ЯВП-8 · выборочно K=1, полный ряд частот";"1.4.1, 1.4.7, 1.4.8, 1.4.14";"ЯВП 6: K=1.000000 мВ/пКл, 2000.000000 Гц";"";"";"";"";"";"";"";"";"";"";0;0;"НЕ ВЫПОЛНЯЛОСЬ";"Диагностическое измерение В7; verdict формируется критериями K/АЧХ"
"ЯВП-8 · выборочно K=1, полный ряд частот";"1.4.1, 1.4.7, 1.4.8, 1.4.14";"ЯВП 6: K=1.000000 мВ/пКл, 4000.000000 Гц";"";"";"";"";"";"";"";"";"";"";0;0;"НЕ ВЫПОЛНЯЛОСЬ";"Диагностическое измерение В7; verdict формируется критериями K/АЧХ"
"ЯВП-8 · выборочно K=1, полный ряд частот";"1.4.1, 1.4.7, 1.4.8, 1.4.14";"ЯВП 6: коэффициент при 500.000000 Гц";"";"";"";"";"";"";"";"";"";"";0.93;1.07;"НЕ НОРМА";"Вне допуска ±7%"
"ЯВП-8 · выборочно K=1, полный ряд частот";"1.4.1, 1.4.7, 1.4.8, 1.4.14";"ЯВП 6: АЧХ 2.000000 Гц относительно 500 Гц";"";"";"";"";"";"";"";"";"";"";-10;10;"НОРМА";"Норма"
"ЯВП-8 · выборочно K=1, полный ряд частот";"1.4.1, 1.4.7, 1.4.8, 1.4.14";"ЯВП 6: АЧХ 6.000000 Гц относительно 500 Гц";"";"";"";"";"";"";"";"";"";"";-5;5;"НОРМА";"Норма"
"ЯВП-8 · выборочно K=1, полный ряд частот";"1.4.1, 1.4.7, 1.4.8, 1.4.14";"ЯВП 6: АЧХ 20.000000 Гц относительно 500 Гц";"";"";"";"";"";"";"";"";"";"";-5;5;"НОРМА";"Норма"
"ЯВП-8 · выборочно K=1, полный ряд частот";"1.4.1, 1.4.7, 1.4.8, 1.4.14";"ЯВП 6: АЧХ 1800.000000 Гц относительно 500 Гц";"";"";"";"";"";"";"";"";"";"";-5;5;"НОРМА";"Норма"
"ЯВП-8 · выборочно K=1, полный ряд частот";"1.4.1, 1.4.7, 1.4.8, 1.4.14";"ЯВП 6: АЧХ 2000.000000 Гц относительно 500 Гц";"";"";"";"";"";"";"";"";"";"";-10;10;"НОРМА";"Норма"
"ЯВП-8 · выборочно K=1, полный ряд частот";"1.4.1, 1.4.7, 1.4.8, 1.4.14";"ЯВП 6: затухание 4000 Гц относительно 500 Гц";"";"";"";"";"";"";"";"";"";"";20;1000000000;"НЕ НОРМА";"Затухание ниже допустимого"
"ЯВП-8 · выборочно K=1, полный ряд частот";"1.4.1, 1.4.7, 1.4.8, 1.4.14";"ЯВП 7: K=1.000000 мВ/пКл, 2.000000 Гц";"";"";"";"";"";"";"";"";"";"";0;0;"НЕ ВЫПОЛНЯЛОСЬ";"Диагностическое измерение В7; verdict формируется критериями K/АЧХ"
"ЯВП-8 · выборочно K=1, полный ряд частот";"1.4.1, 1.4.7, 1.4.8, 1.4.14";"ЯВП 7: K=1.000000 мВ/пКл, 6.000000 Гц";"";"";"";"";"";"";"";"";"";"";0;0;"НЕ ВЫПОЛНЯЛОСЬ";"Диагностическое измерение В7; verdict формируется критериями K/АЧХ"
"ЯВП-8 · выборочно K=1, полный ряд частот";"1.4.1, 1.4.7, 1.4.8, 1.4.14";"ЯВП 7: K=1.000000 мВ/пКл, 20.000000 Гц";"";"";"";"";"";"";"";"";"";"";0;0;"НЕ ВЫПОЛНЯЛОСЬ";"Диагностическое измерение В7; verdict формируется критериями K/АЧХ"
"ЯВП-8 · выборочно K=1, полный ряд частот";"1.4.1, 1.4.7, 1.4.8, 1.4.14";"ЯВП 7: K=1.000000 мВ/пКл, 500.000000 Гц";"";"";"";"";"";"";"";"";"";"";0;0;"НЕ ВЫПОЛНЯЛОСЬ";"Диагностическое измерение В7; verdict формируется критериями K/АЧХ"
"ЯВП-8 · выборочно K=1, полный ряд частот";"1.4.1, 1.4.7, 1.4.8, 1.4.14";"ЯВП 7: K=1.000000 мВ/пКл, 1800.000000 Гц";"";"";"";"";"";"";"";"";"";"";0;0;"НЕ ВЫПОЛНЯЛОСЬ";"Диагностическое измерение В7; verdict формируется критериями K/АЧХ"
"ЯВП-8 · выборочно K=1, полный ряд частот";"1.4.1, 1.4.7, 1.4.8, 1.4.14";"ЯВП 7: K=1.000000 мВ/пКл, 2000.000000 Гц";"";"";"";"";"";"";"";"";"";"";0;0;"НЕ ВЫПОЛНЯЛОСЬ";"Диагностическое измерение В7; verdict формируется критериями K/АЧХ"
"ЯВП-8 · выборочно K=1, полный ряд частот";"1.4.1, 1.4.7, 1.4.8, 1.4.14";"ЯВП 7: K=1.000000 мВ/пКл, 4000.000000 Гц";"";"";"";"";"";"";"";"";"";"";0;0;"НЕ ВЫПОЛНЯЛОСЬ";"Диагностическое измерение В7; verdict формируется критериями K/АЧХ"
"ЯВП-8 · выборочно K=1, полный ряд частот";"1.4.1, 1.4.7, 1.4.8, 1.4.14";"ЯВП 7: коэффициент при 500.000000 Гц";"";"";"";"";"";"";"";"";"";"";0.93;1.07;"НЕ НОРМА";"Вне допуска ±7%"
"ЯВП-8 · выборочно K=1, полный ряд частот";"1.4.1, 1.4.7, 1.4.8, 1.4.14";"ЯВП 7: АЧХ 2.000000 Гц относительно 500 Гц";"";"";"";"";"";"";"";"";"";"";-10;10;"НЕ НОРМА";"Вне допуска АЧХ"
"ЯВП-8 · выборочно K=1, полный ряд частот";"1.4.1, 1.4.7, 1.4.8, 1.4.14";"ЯВП 7: АЧХ 6.000000 Гц относительно 500 Гц";"";"";"";"";"";"";"";"";"";"";-5;5;"НЕ НОРМА";"Вне допуска АЧХ"
"ЯВП-8 · выборочно K=1, полный ряд частот";"1.4.1, 1.4.7, 1.4.8, 1.4.14";"ЯВП 7: АЧХ 20.000000 Гц относительно 500 Гц";"";"";"";"";"";"";"";"";"";"";-5;5;"НЕ НОРМА";"Вне допуска АЧХ"
"ЯВП-8 · выборочно K=1, полный ряд частот";"1.4.1, 1.4.7, 1.4.8, 1.4.14";"ЯВП 7: АЧХ 1800.000000 Гц относительно 500 Гц";"";"";"";"";"";"";"";"";"";"";-5;5;"НЕ НОРМА";"Вне допуска АЧХ"
"ЯВП-8 · выборочно K=1, полный ряд частот";"1.4.1, 1.4.7, 1.4.8, 1.4.14";"ЯВП 7: АЧХ 2000.000000 Гц относительно 500 Гц";"";"";"";"";"";"";"";"";"";"";-10;10;"НОРМА";"Норма"
"ЯВП-8 · выборочно K=1, полный ряд частот";"1.4.1, 1.4.7, 1.4.8, 1.4.14";"ЯВП 7: затухание 4000 Гц относительно 500 Гц";"";"";"";"";"";"";"";"";"";"";20;1000000000;"НОРМА";"Норма"
"ЯВП-8 · выборочно K=1, полный ряд частот";"1.4.1, 1.4.7, 1.4.8, 1.4.14";"ЯВП 8: K=1.000000 мВ/пКл, 2.000000 Гц";"";"";"";"";"";"";"";"";"";"";0;0;"НЕ ВЫПОЛНЯЛОСЬ";"Диагностическое измерение В7; verdict формируется критериями K/АЧХ"
"ЯВП-8 · выборочно K=1, полный ряд частот";"1.4.1, 1.4.7, 1.4.8, 1.4.14";"ЯВП 8: K=1.000000 мВ/пКл, 6.000000 Гц";"";"";"";"";"";"";"";"";"";"";0;0;"НЕ ВЫПОЛНЯЛОСЬ";"Диагностическое измерение В7; verdict формируется критериями K/АЧХ"
"ЯВП-8 · выборочно K=1, полный ряд частот";"1.4.1, 1.4.7, 1.4.8, 1.4.14";"ЯВП 8: K=1.000000 мВ/пКл, 20.000000 Гц";"";"";"";"";"";"";"";"";"";"";0;0;"НЕ ВЫПОЛНЯЛОСЬ";"Диагностическое измерение В7; verdict формируется критериями K/АЧХ"
"ЯВП-8 · выборочно K=1, полный ряд частот";"1.4.1, 1.4.7, 1.4.8, 1.4.14";"ЯВП 8: K=1.000000 мВ/пКл, 500.000000 Гц";"";"";"";"";"";"";"";"";"";"";0;0;"НЕ ВЫПОЛНЯЛОСЬ";"Диагностическое измерение В7; verdict формируется критериями K/АЧХ"
"ЯВП-8 · выборочно K=1, полный ряд частот";"1.4.1, 1.4.7, 1.4.8, 1.4.14";"ЯВП 8: K=1.000000 мВ/пКл, 1800.000000 Гц";"";"";"";"";"";"";"";"";"";"";0;0;"НЕ ВЫПОЛНЯЛОСЬ";"Диагностическое измерение В7; verdict формируется критериями K/АЧХ"
"ЯВП-8 · выборочно K=1, полный ряд частот";"1.4.1, 1.4.7, 1.4.8, 1.4.14";"ЯВП 8: K=1.000000 мВ/пКл, 2000.000000 Гц";"";"";"";"";"";"";"";"";"";"";0;0;"НЕ ВЫПОЛНЯЛОСЬ";"Диагностическое измерение В7; verdict формируется критериями K/АЧХ"
"ЯВП-8 · выборочно K=1, полный ряд частот";"1.4.1, 1.4.7, 1.4.8, 1.4.14";"ЯВП 8: K=1.000000 мВ/пКл, 4000.000000 Гц";"";"";"";"";"";"";"";"";"";"";0;0;"НЕ ВЫПОЛНЯЛОСЬ";"Диагностическое измерение В7; verdict формируется критериями K/АЧХ"
"ЯВП-8 · выборочно K=1, полный ряд частот";"1.4.1, 1.4.7, 1.4.8, 1.4.14";"ЯВП 8: коэффициент при 500.000000 Гц";"";"";"";"";"";"";"";"";"";"";0.93;1.07;"НЕ НОРМА";"Вне допуска ±7%"
"ЯВП-8 · выборочно K=1, полный ряд частот";"1.4.1, 1.4.7, 1.4.8, 1.4.14";"ЯВП 8: АЧХ 2.000000 Гц относительно 500 Гц";"";"";"";"";"";"";"";"";"";"";-10;10;"НОРМА";"Норма"
"ЯВП-8 · выборочно K=1, полный ряд частот";"1.4.1, 1.4.7, 1.4.8, 1.4.14";"ЯВП 8: АЧХ 6.000000 Гц относительно 500 Гц";"";"";"";"";"";"";"";"";"";"";-5;5;"НОРМА";"Норма"
"ЯВП-8 · выборочно K=1, полный ряд частот";"1.4.1, 1.4.7, 1.4.8, 1.4.14";"ЯВП 8: АЧХ 20.000000 Гц относительно 500 Гц";"";"";"";"";"";"";"";"";"";"";-5;5;"НОРМА";"Норма"
"ЯВП-8 · выборочно K=1, полный ряд частот";"1.4.1, 1.4.7, 1.4.8, 1.4.14";"ЯВП 8: АЧХ 1800.000000 Гц относительно 500 Гц";"";"";"";"";"";"";"";"";"";"";-5;5;"НОРМА";"Норма"
"ЯВП-8 · выборочно K=1, полный ряд частот";"1.4.1, 1.4.7, 1.4.8, 1.4.14";"ЯВП 8: АЧХ 2000.000000 Гц относительно 500 Гц";"";"";"";"";"";"";"";"";"";"";-10;10;"НОРМА";"Норма"
"ЯВП-8 · выборочно K=1, полный ряд частот";"1.4.1, 1.4.7, 1.4.8, 1.4.14";"ЯВП 8: затухание 4000 Гц относительно 500 Гц";"";"";"";"";"";"";"";"";"";"";20;1000000000;"НЕ НОРМА";"Затухание ниже допустимого"
