"CH","Kset","frequency","Rigol Vpp","V7 Vrms","Kmeas","deviation_percent","KU bits","type=2 contacts","raw_verdict","peer_ratio","golden_ratio"
"1","0,25","500","8","0,661365","0,233828","-6,4688","none","none","OK","0,995865","NOT_COMPARABLE"
"1","0,5","500","4","0,65476","0,462985","-7,403","KU1","1","FAIL","0,995444","NOT_COMPARABLE"
"1","1","2","2","0,061761","0,087343","-90,568892","KU2","2","FAIL","1,009827","NOT_COMPARABLE"
"1","1","6","2","0,318294","0,450136","-51,39529","KU2","2","FAIL","1","NOT_COMPARABLE"
"1","1","20","2","0,585463","0,82797","-10,597593","KU2","2","FAIL","1","NOT_COMPARABLE"
"1","1","500","2","0,654863","0,926116","-7,3884","KU2","2","FAIL","0,999143","NOT_COMPARABLE"
"1","1","1800","2","0,667872","0,944514","1,986576","KU2","2","OK","1","NOT_COMPARABLE"
"1","1","2000","2","0,688193","0,973252","5,089643","KU2","2","OK","1","NOT_COMPARABLE"
"1","1","4000","2","0,059161","0,083667","-90,965819","KU2","2","OK","1,025746","NOT_COMPARABLE"
"1","2","500","1","0,656123","1,855795","-7,21025","KU3","3","FAIL","0,999659","NOT_COMPARABLE"
"1","4","500","0,5","0,659044","3,728118","-6,79705","KU1+KU3","1,3","OK","0,995289","NOT_COMPARABLE"
"1","8","500","0,25","0,68323","7,729865","-3,376687","KU4","4","OK","0,991086","NOT_COMPARABLE"
"1","32","500","0,0625","0,890661","40,30671","25,958469","KU2+KU4","2,4","FAIL","0,990376","NOT_COMPARABLE"
"2","0,25","500","8","0,675946","0,238983","-4,4068","none","none","OK","1,017819","NOT_COMPARABLE"
"2","0,5","500","4","0,663213","0,468963","-6,2074","KU1","5","OK","1,008297","NOT_COMPARABLE"
"2","1","2","2","0,062484","0,088365","-90,538178","KU2","6","FAIL","1,021643","NOT_COMPARABLE"
"2","1","6","2","0,322076","0,455484","-51,228329","KU2","6","FAIL","1,011881","NOT_COMPARABLE"
"2","1","20","2","0,590739","0,835431","-10,544902","KU2","6","FAIL","1,009011","NOT_COMPARABLE"
"2","1","500","2","0,660375","0,933911","-6,6089","KU2","6","OK","1,007553","NOT_COMPARABLE"
"2","1","1800","2","0,677894","0,958687","2,652929","KU2","6","OK","1,015006","NOT_COMPARABLE"
"2","1","2000","2","0,699652","0,989457","5,947676","KU2","6","OK","1,01665","NOT_COMPARABLE"
"2","1","4000","2","0,058951","0,083369","-91,073132","KU2","6","OK","1,022092","NOT_COMPARABLE"
"2","2","500","1","0,664411","1,879238","-6,0381","KU3","7","OK","1,012287","NOT_COMPARABLE"
"2","4","500","0,5","0,669719","3,788501","-5,287475","KU1+KU3","5,7","OK","1,011409","NOT_COMPARABLE"
"2","8","500","0,25","0,69462","7,858726","-1,765925","KU4","8","OK","1,007608","NOT_COMPARABLE"
"2","32","500","0,0625","0,895607","40,530562","26,658006","KU2+KU4","6,8","FAIL","0,995876","NOT_COMPARABLE"
"3","0,25","500","8","0,665188","0,23518","-5,928","none","none","OK","1,001623","NOT_COMPARABLE"
"3","0,5","500","4","0,659319","0,466209","-6,7582","KU1","9","OK","1,002376","NOT_COMPARABLE"
"3","1","2","2","0,051495","0,072825","-92,178178","KU2","10","FAIL","0,841976","NOT_COMPARABLE"
"3","1","6","2","0,323481","0,457471","-50,864992","KU2","10","FAIL","1,016295","NOT_COMPARABLE"
"3","1","20","2","0,588328","0,832022","-10,636067","KU2","10","FAIL","1,004894","NOT_COMPARABLE"
"3","1","500","2","0,658351","0,931049","-6,8951","KU2","10","OK","1,004465","NOT_COMPARABLE"
"3","1","1800","2","0,67499","0,95458","2,527364","KU2","10","OK","1,010657","NOT_COMPARABLE"
"3","1","2000","2","0,696374","0,984822","5,775528","KU2","10","OK","1,011888","NOT_COMPARABLE"
"3","1","4000","2","0,050835","0,071892","-92,278387","KU2","10","OK","0,881386","NOT_COMPARABLE"
"3","2","500","1","3,326326","9,408271","370,41355","KU3","11","FAIL","5,067943","NOT_COMPARABLE"
"3","4","500","0,5","3,445422","19,490251","387,256275","KU1+KU3","9,11","FAIL","5,203275","NOT_COMPARABLE"
"3","8","500","0,25","0,844464","9,554024","19,4253","KU4","12","FAIL","1,224971","NOT_COMPARABLE"
"3","32","500","0,0625","1,135871","51,403641","60,636378","KU2+KU4","10,12","FAIL","1,263038","NOT_COMPARABLE"
"4","0,25","500","8","0,661255","0,233789","-6,4844","none","none","OK","0,995698","NOT_COMPARABLE"
"4","0,5","500","4","0,65518","0,463283","-7,3434","KU1","13","FAIL","0,996085","NOT_COMPARABLE"
"4","1","2","2","0,063798","0,090224","-90,225469","KU2","14","FAIL","1,043136","NOT_COMPARABLE"
"4","1","6","2","0,313549","0,443425","-51,960995","KU2","14","FAIL","0,985091","NOT_COMPARABLE"
"4","1","20","2","0,582048","0,82314","-10,824092","KU2","14","FAIL","0,994166","NOT_COMPARABLE"
"4","1","500","2","0,652696","0,923052","-7,6948","KU2","14","FAIL","0,995838","NOT_COMPARABLE"
"4","1","1800","2","0,654284","0,925297","0,243215","KU2","14","OK","0,979654","NOT_COMPARABLE"
"4","1","2000","2","0,676105","0,956158","3,58658","KU2","14","OK","0,982436","NOT_COMPARABLE"
"4","1","4000","2","0,054803","0,077503","-91,603615","KU2","14","OK","0,950176","NOT_COMPARABLE"
"4","2","500","1","0,65413","1,850158","-7,4921","KU3","15","FAIL","0,996623","NOT_COMPARABLE"
"4","4","500","0,5","0,658513","3,72511","-6,87225","KU1+KU3","13,15","OK","0,994486","NOT_COMPARABLE"
"4","8","500","0,25","0,68475","7,747058","-3,161775","KU4","16","OK","0,993291","NOT_COMPARABLE"
"4","32","500","0,0625","0,892582","40,393651","26,230159","KU2+KU4","14,16","FAIL","0,992512","NOT_COMPARABLE"
"5","0,25","500","8","0,664794","0,23504","-5,984","none","none","OK","1,001026","NOT_COMPARABLE"
"5","0,5","500","4","0,66013","0,466783","-6,6434","KU1","17","OK","1,00361","NOT_COMPARABLE"
"5","1","2","2","0,06116","0,086493","-90,730188","KU2","18","FAIL","1","NOT_COMPARABLE"
"5","1","6","2","0,315995","0,446885","-52,105489","KU2","18","FAIL","0,992778","NOT_COMPARABLE"
"5","1","20","2","0,587575","0,830956","-10,943014","KU2","18","FAIL","1,003606","NOT_COMPARABLE"
"5","1","500","2","0,659774","0,933061","-6,6939","KU2","18","OK","1,006636","NOT_COMPARABLE"
"5","1","1800","2","0,682031","0,964538","3,37352","KU2","18","OK","1,0212","NOT_COMPARABLE"
"5","1","2000","2","0,703646","0,995106","6,649619","KU2","18","OK","1,022455","NOT_COMPARABLE"
"5","1","4000","2","0,057677","0,081567","-91,258128","KU2","18","OK","1","NOT_COMPARABLE"
"5","2","500","1","0,656346","1,856428","-7,1786","KU3","19","FAIL","1","NOT_COMPARABLE"
"5","4","500","0,5","0,662164","3,745766","-6,35585","KU1+KU3","17,19","OK","1","NOT_COMPARABLE"
"5","8","500","0,25","0,691049","7,818327","-2,270912","KU4","20","OK","1,002429","NOT_COMPARABLE"
"5","32","500","0,0625","0,899316","40,698404","27,182512","KU2+KU4","18,20","FAIL","1","NOT_COMPARABLE"
"6","0,25","500","8","0,664111","0,234799","-6,0804","none","none","OK","1","NOT_COMPARABLE"
"6","0,5","500","4","0,65915","0,46609","-6,782","KU1","21","OK","1,00212","NOT_COMPARABLE"
"6","1","2","2","0,057056","0,080689","-91,333734","KU2","22","FAIL","0,932896","NOT_COMPARABLE"
"6","1","6","2","0,314941","0,445394","-52,16321","KU2","22","FAIL","0,989465","NOT_COMPARABLE"
"6","1","20","2","0,587313","0,830586","-10,792314","KU2","22","FAIL","1,00316","NOT_COMPARABLE"
"6","1","500","2","0,658366","0,93107","-6,893","KU2","22","OK","1,004488","NOT_COMPARABLE"
"6","1","1800","2","0,656831","0,928899","-0,233173","KU2","22","OK","0,983468","NOT_COMPARABLE"
"6","1","2000","2","0,678329","0,959302","3,03221","KU2","22","OK","0,985667","NOT_COMPARABLE"
"6","1","4000","2","0,05488","0,077612","-91,664214","KU2","22","OK","0,951512","NOT_COMPARABLE"
"6","2","500","1","0,660998","1,869584","-6,5208","KU3","23","OK","1,007087","NOT_COMPARABLE"
"6","4","500","0,5","0,665353","3,763805","-5,904875","KU1+KU3","21,23","OK","1,004816","NOT_COMPARABLE"
"6","8","500","0,25","0,689375","7,799385","-2,507688","KU4","24","OK","1","NOT_COMPARABLE"
"6","32","500","0,0625","0,900023","40,730387","27,282459","KU2+KU4","22,24","FAIL","1,000786","NOT_COMPARABLE"
"7","0,25","500","8","0,658428","0,23279","-6,884","none","none","OK","0,991444","NOT_COMPARABLE"
"7","0,5","500","4","0,652842","0,461629","-7,6742","KU1","25","FAIL","0,992529","NOT_COMPARABLE"
"7","1","2","2","0,059391","0,083992","-90,852737","KU2","26","FAIL","0,971084","NOT_COMPARABLE"
"7","1","6","2","0,319989","0,452532","-50,716386","KU2","26","FAIL","1,005323","NOT_COMPARABLE"
"7","1","20","2","0,580307","0,820677","-10,623053","KU2","26","FAIL","0,991192","NOT_COMPARABLE"
"7","1","500","2","0,64928","0,91822","-8,178","KU2","26","FAIL","0,990625","NOT_COMPARABLE"
"7","1","1800","2","0,654775","0,925991","0,846311","KU2","26","OK","0,980389","NOT_COMPARABLE"
"7","1","2000","2","0,679011","0,960266","4,579077","KU2","26","OK","0,986657","NOT_COMPARABLE"
"7","1","4000","2","0,059811","0,084585","-90,788155","KU2","26","OK","1,037","NOT_COMPARABLE"
"7","2","500","1","0,655075","1,852832","-7,3584","KU3","27","FAIL","0,998063","NOT_COMPARABLE"
"7","4","500","0,5","0,660381","3,735677","-6,608075","KU1+KU3","25,27","OK","0,997307","NOT_COMPARABLE"
"7","8","500","0,25","0,681715","7,712728","-3,5909","KU4","28","OK","0,988889","NOT_COMPARABLE"
"7","32","500","0,0625","0,908973","41,135425","28,548203","KU2+KU4","26,28","FAIL","1,010738","NOT_COMPARABLE"
"8","0,25","500","8","0,66461","0,234975","-6,01","none","none","OK","1,00075","NOT_COMPARABLE"
"8","0,5","500","4","0,657757","0,465104","-6,9792","KU1","29","OK","1","NOT_COMPARABLE"
"8","1","2","2","0,057711","0,081615","-91,194938","KU2","30","FAIL","0,943602","NOT_COMPARABLE"
"8","1","6","2","0,318983","0,451109","-51,331952","KU2","30","FAIL","1,002162","NOT_COMPARABLE"
"8","1","20","2","0,584579","0,826719","-10,80914","KU2","30","FAIL","0,998489","NOT_COMPARABLE"
"8","1","500","2","0,655424","0,92691","-7,309","KU2","30","FAIL","1","NOT_COMPARABLE"
"8","1","1800","2","0,674034","0,953229","2,839434","KU2","30","OK","1,009227","NOT_COMPARABLE"
"8","1","2000","2","0,697588","0,986539","6,433095","KU2","30","OK","1,013652","NOT_COMPARABLE"
"8","1","4000","2","0,054862","0,077586","-91,629608","KU2","30","OK","0,951193","NOT_COMPARABLE"
"8","2","500","1","0,662258","1,873148","-6,3426","KU3","31","OK","1,009007","NOT_COMPARABLE"
"8","4","500","0,5","0,666067","3,767844","-5,8039","KU1+KU3","29,31","OK","1,005894","NOT_COMPARABLE"
"8","8","500","0,25","0,691779","7,826587","-2,167663","KU4","32","OK","1,003488","NOT_COMPARABLE"
"8","32","500","0,0625","0,92143","41,699183","30,309947","KU2+KU4","30,32","FAIL","1,02459","NOT_COMPARABLE"
